{
  "version": "v2",
  "packs": [
    {
      "id": "jungle",
      "name": "Jungle",
      "subjects": [
        {
          "id": "elephant",
          "name": "Elephant"
        },
        {
          "id": "lion",
          "name": "Lion"
        },
        {
          "id": "giraffe",
          "name": "Giraffe"
        },
        {
          "id": "monkey",
          "name": "Monkey"
        },
        {
          "id": "tiger",
          "name": "Tiger"
        },
        {
          "id": "parrot",
          "name": "Parrot"
        }
      ],
      "prompt_add": "tropical jungle theme; simple kid-friendly scenery (a few leaves, a tree, a river or savanna edge); keep background minimal so the animal is the focus",
      "bg_default": "minimal background: a few leaves or grass, not crowded",
      "negative_add": "too many leaves, busy background, clutter, overlapping lines on the animal, messy scribbles, insects, spiders"
    },
    {
      "id": "farm",
      "name": "Farm",
      "subjects": [
        {
          "id": "cow",
          "name": "Cow"
        },
        {
          "id": "horse",
          "name": "Horse"
        },
        {
          "id": "pig",
          "name": "Pig"
        },
        {
          "id": "chicken",
          "name": "Chicken"
        },
        {
          "id": "tractor",
          "name": "Tractor"
        }
      ],
      "prompt_add": "farm elements, barn silhouette",
      "bg_default": "minimal hay, fence lines"
    },
    {
      "id": "ocean",
      "name": "Ocean",
      "subjects": [
        {
          "id": "dolphin",
          "name": "Dolphin"
        },
        {
          "id": "turtle",
          "name": "Sea Turtle"
        },
        {
          "id": "shark",
          "name": "Shark"
        },
        {
          "id": "octopus",
          "name": "Octopus"
        },
        {
          "id": "whale",
          "name": "Whale"
        }
      ],
      "prompt_add": "ocean elements, bubbles",
      "bg_default": "simple coral silhouettes, not dense"
    },
    {
      "id": "dinosaurs",
      "name": "Dinosaurs",
      "subjects": [
        {
          "id": "trex",
          "name": "T-Rex"
        },
        {
          "id": "triceratops",
          "name": "Triceratops"
        },
        {
          "id": "stegosaurus",
          "name": "Stegosaurus"
        }
      ],
      "prompt_add": "prehistoric plants, rocks",
      "bg_default": "clean background with a few plants"
    },
    {
      "id": "space",
      "name": "Space",
      "subjects": [
        {
          "id": "rocket",
          "name": "Rocket"
        },
        {
          "id": "astronaut",
          "name": "Astronaut"
        },
        {
          "id": "planet",
          "name": "Planet"
        }
      ],
      "prompt_add": "space elements",
      "bg_default": "few stars and planets, lots of whitespace"
    },
    {
      "id": "vehicles",
      "name": "Vehicles",
      "subjects": [
        {
          "id": "car",
          "name": "Car"
        },
        {
          "id": "truck",
          "name": "Truck"
        },
        {
          "id": "excavator",
          "name": "Excavator"
        },
        {
          "id": "firetruck",
          "name": "Fire Truck"
        }
      ],
      "prompt_add": "road elements",
      "bg_default": "simple road line and a few clouds"
    },
    {
      "id": "princess",
      "name": "Princess",
      "subjects": [
        {
          "id": "princess",
          "name": "Princess"
        },
        {
          "id": "castle",
          "name": "Castle"
        },
        {
          "id": "unicorn",
          "name": "Unicorn"
        }
      ],
      "prompt_add": "fairy tale elements",
      "bg_default": "minimal flowers and stars"
    },
    {
      "id": "mandala",
      "name": "Mandala",
      "subjects": [
        {
          "id": "simple",
          "name": "Simple"
        },
        {
          "id": "medium",
          "name": "Medium"
        },
        {
          "id": "complex",
          "name": "Complex"
        }
      ],
      "prompt_add": "symmetrical mandala pattern",
      "bg_default": "white paper background"
    }
  ],
  "meta": {
    "last_edit": "v3.1 strict-prompts"
  }
}